
<BLOCKS>

  <BLOCK ID="axi_interconnect_1"/>

  <BLOCK ID="axi_interconnect_2"/>

  <BLOCK ID="__GROUP_PROCESSOR__.processing_system7_0">
    <BLOCK ID="processing_system7_0">
      <BLOCK C="axi_interconnect_1" ID="M_AXI_GP0"/>
      <BLOCK C="axi_interconnect_2" ID="S_AXI_HP0">
        <BLOCK CP="idct_0.M_AXI"/>
      </BLOCK>
    </BLOCK>
  </BLOCK>

  <BLOCK ID="__GROUP_MASTER__.idct_0">
    <BLOCK ID="idct_0">
      <BLOCK C="axi_interconnect_1" ID="S_AXI"/>
      <BLOCK C="axi_interconnect_2" ID="M_AXI"/>
    </BLOCK>
  </BLOCK>

</BLOCKS>