<?xml version="1.0" encoding="UTF-8"?>
<DARoots Version="1" Minor="26">
  <FileSet Name="sim_1" Type="SimulationSrcs" RelSrcDir="$PSRCDIR/sim_1">
    <Filter Type="Srcs"/>
    <Config>
      <Option Name="DesignMode" Val="RTL"/>
      <Option Name="TopModule" Val="system_stub"/>
      <Option Name="TopLib" Val="work"/>
      <Option Name="TopArchitecture" Val="STRUCTURE"/>
      <Option Name="TopRTLFile" Val="$PSRCDIR/sources_1/edk/system/system_stub.vhd"/>
      <Option Name="TopAutoSet" Val="TRUE"/>
      <Option Name="SimMode" Val="post-implementation"/>
      <Option Name="SrcSet" Val="sources_1"/>
      <Option Name="NGOutputHDLFormat" Val="vhdl"/>
    </Config>
  </FileSet>
</DARoots>
